path,bytes,sha256
configs/botsort_reid.yaml,327,4c405dfdee6b00f6a0407863bce3b767841deaf1e4d86bd51aa83a6ed26545a6
configs/botsort_vehicle_tuned.yaml,245,d69c5502c9862f7c00b705928615273b8ac5005ac677f4c98a743121853baf24
configs/botsort_vehicle_tuned_reid.yaml,244,edc7f86e69380dcc738154cf9ee21299bf3c54e5afe6087d36765463a164f6d5
configs/botsort_vehicle_tuned_reid_strict90.yaml,245,bd118853193fb15a21fddebf1333c90124ae314e77bfd59938153f67121c35cc
configs/botsort_vehicle_tuned_reid_strict95.yaml,245,5e5b46f2ee442b75d2fbaa552df7dd5b5bda11e9738c366e6fa2fb909db2c46e
configs/deepocsort_vehicle_tuned.yaml,310,0d16378971292577e295cbd3ecc67ee704be1538f4b260656450fcdcd15910f6
configs/fasttrack_vehicle_tuned.yaml,348,feec22a526bf0ac36930bd4638d79ba3c9ed5cf62576554c535a9ddcc4229c83
configs/tracktrack_vehicle_tuned.yaml,360,b331f16753e679c479c45a8cd7b8548e64bc580332c900578df7a41bb7cd7d8a
data/APPROVAL_RECORD.json,539,05552e59d3e4891132cee4690e609261bece8fac06c19362e210db85f515fefc
data/approved_sequence.mp4,27554505,3ebba57a161098b9e70d297632c93e6adb2516e1ac810745f4bfb9969fd3313a
data/approved_tracks.csv,935958,55f94d1a9acfc37f8e54d763d6860725788b30aafd52b402e9baadb51ebf62fc
demos/best_tracking_demo.mp4,35048387,382a0a8d6a85a5c78675b63a0e74d4704c8f83a31874eace36bb1413857c8f1f
demos/tracker_visual_comparison.mp4,14034023,5d54c960f0742293e069c99af9c134f0646f87788d4d68791d14e3a4e3b7228a
models/best_reid_projection.pt,264068,ae50de578d8f64c62b103786db622f201aaf4cf664a93af624d6bacf5539e4d5
models/yolo11n.pt,5613764,0ebbc80d4a7680d14987a577cd21342b65ecfd94632bd9a8da63ae6417644ee1
PROJECT_README.md,9619,5bfcb1765cef0290feaa1379e1179e42be3605b05d88da5eaae87312dc22d0f7
README_START_HERE.md,3333,ca7247587ff0b6c1a2d02e7febd3b8d565f443e90efa0bb8b63eb9893e0683da
reports/APPEARANCE_REID_EXPERIMENT.md,3558,6f526de62c1bd1c414109d17a0a14a00905e92db485a47b0fdb0d2b296a803af
reports/OPTIMAL_SOLUTION_REPORT.md,9480,438548866e1a02a3cd3c2caff6708cc006b848e75c08f8a934ccfea2010c0406
reports/REID_THRESHOLD_EVALUATION.md,740,5a9d586b60d9913928996118f9b7c92f1b51ad055e6ca5ffd72b286bb9923331
reports/TRIPLET_LOSS_RESULTS.md,973,cafcb57d01960562977fdc2ad1dd82b2230ef358a5a249174aa729617019b76f
requirements.txt,236,c97bb2e123a32d88c4f64d1e45c8d9dc84282076e0477bd94fb999d6060809e9
results/appearance_reid_comparison.png,69894,c89fd40308b930a38c1f090b6648bd05eab594f898cfdce22b733fae16d431b3
results/appearance_reid_metrics.csv,1480,2d5c491d7a2c5b094951da2dbedd47810743fd6a9ff52a3b624d96c3325bd7c8
results/best_tracker_tracks.csv,4560758,a2dbcd1c33f439520a591689cc2534094f794a78fabfc6d2b15ab2583ca36fa7
results/counts_by_minute.csv,1686,edd5a87241a0de96be744d3fe4bd02627c18c80905461904d09ae45b7ee6d7b3
results/detection_stats.json,483,54b8e2f8edc5cff2973302c9c57dd402f63b6370b922281753718e3476f235de
results/detector_comparison.csv,648,50a0251e8c183c4f83ef828a46d08bf3190d3a7959156d6483d77d4465450ea1
results/detector_comparison.png,81894,24c9266047af5f4aad4e173ad017273031eac8b8d375142984b78b24dcef4e3f
results/per_frame_counts.csv,2512232,aec85c828989443343a0b7891de63d81aeb615badab913d0db966dc67263747f
results/similarity_distribution.png,45396,c597bb5effc1e080e8063ab4b3efe18d5b265755674f5600928a9dcb9de759a1
results/tracker_comparison.png,75855,a512d4b828ae2e7fde8d3d269e346d30bf321cd2fde7231c1cb8963fb7740385
results/tracker_mot_comparison.png,74587,f46fce804261e469610554b04670f37e185d9ba5ec595949f07a559044d0e131
results/tracker_mot_metrics.csv,1998,a4974734efb450c518abe1b2ef97854c9ec7718d3a820a214f4d1c2c5fc1fa01
results/tracking_10s.jpg,741455,45a687baffd038d8a4fa87f199812e093c6ea9fafc932cfacf048c2616b49c24
results/tracking_30s.jpg,750099,bfc8ba57564417ede0dd55cf69af4b9c2c99e0f2bfb795a78f79bcf179328a33
results/tracking_50s.jpg,780074,a4ccbbe138dc616caec1e967dabe4cb4045f6e20fef1bccabc2c62ec1e3ee078
results/tracking_activity.png,222061,e8b88c4c85a2bd29cb04510b22f4191ead5c1747b1674458f26e64ef95dccfb3
results/triplet_validation_accuracy.png,58235,e50c2775f5464b28b3e8c40ec99fef34a716f678398f2c606bdf83ece72a9e83
results/vehicle_count_distribution.png,42868,755c24568d2ab73761c3e70da1f45f8f6256c2cb5b5ffc79d53e432e30dafc9e
results/vehicle_count_over_time.png,236887,f14c16dbaf1b2f38218d09b6459fc67e07827fb47d2895da09ba4b3f64f2af6e
scripts/analyze_counts.py,4558,a6c1f797abfea0d3439a3c1db6b7912dabccf8171fc0aa554d1a6a17a17a09d4
scripts/build_milestone_report.py,9206,0a9515e0bcc48035002fea47d9f6d1f9471d86c9ffe0bb3c6f5cae5bb2f5843b
scripts/build_triplet_manifest.py,4543,045fac12897ecfb88020fd7b51ae85ee94491f19cd1e0cc1bf0f4e663b034f87
scripts/compare_frame.py,3174,9192104e3782ef2c7566c092f9bcd8cae628037db095fc5273b11bc37b87e86c
scripts/compare_runs.py,3860,5aa9d37c42201e709336447f1e9125772a7f2267e6322fa133df635b8e76f0ce
scripts/evaluate_detectors.py,6626,1ad6fcf89dc21d180db4bca309aeebe4b148b7a22db49fcabbd264cf44331751
scripts/evaluate_reid_projection.py,5937,9130554b1a7afc34194ea3c78e7f36f051d92144c43d5fcb909c6eda72347d15
scripts/evaluate_trackers_mot.py,4691,9015d50ff0a86a02b6b82403828cffdac0e69d05c5bae06267f1478311bbe5eb
scripts/finalize_approved_reviews.py,3673,59b7c972edd6ddc8c66fbdf5a04a2992c0afdd417632651be64c857a2ca43970
scripts/link_tracklets_reid.py,11107,a9aaa48f253e283b3e8f30a6719aa71b55f98ce17ba2224220fddbb5bac91963
scripts/prepare_detection_review.py,4362,f446408970dbc4dfbbd1ec863403e84e7be5f38470148bd8c4498397090e3050
scripts/prepare_tracking_review.py,2443,3580fd853bd9af602eebe5e0fe96448e5c948b693765dc116cf0963f94051728
scripts/render_clean_overlay.py,4021,67da251fd7e1e3d984b7e060552e8e557e9d5bbd05503a04e0eb69481e12e30d
scripts/render_tracker_comparison.py,3888,d52b4cca52208ae992eba1ebd13f2ae8c437f08767487da61c2a39f3a613634f
scripts/render_tracking_demo.py,7150,5c42ddef06aa751dc3918a9cc343c273579739c655c1d28a42c27f9c1a372510
scripts/summarize_detections.py,5279,dbcc0bf62b40dfb0c5c5d63ee607b9dfe9b2644926f84b4fb5f917b2283d4160
scripts/summarize_reid_runs.py,3897,6739495243b7de31e6e91e64d817068113c56ece4e7beb12f11cf5577a5deb17
scripts/summarize_tracks.py,4531,f9d636f47442800544b0aa2e2eb36c73a9a07c3116c8f4dccddada145d0bf364
scripts/track_vehicles.py,6827,f1b9de12239941d61a714529357e6fd834eac6e3978a775e8edfc396df5a4e5b
scripts/train_triplet_projection.py,6323,baaeeac9f45081047343202f2071ff12edb8b421fde3d124319aea549e7c3672
scripts/train_triplet_reid.py,4617,00274f4e500c2acfbadd29058dd7f1c70c6637dc3aff9f88d36186deaeb99d59
SUBMISSION_CHECKLIST.md,988,782e1969a08ce41376b25278c6fff6a0501679e29f46643fd41aa796f694fc5f
Vehicle_Tracking_Final_Report.pdf,1663702,0e72101119262c584f9411befafdcef6185b43c265cb4fb60be8a8b124122b46
