clip,ride,ride_second,labelled_in_bike_lane,scene_clip_v2,bike_lane_score,paint_in_bike_lane
typology_006_bikelane_440s,VID_20260224_162848_00_006,440,0,shared_road,-0.2,0
typology_006_bikelane_440s,VID_20260224_162848_00_006,441,0,shared_road,-0.317,0
typology_006_bikelane_440s,VID_20260224_162848_00_006,442,0,shared_road,-0.317,0
typology_006_bikelane_440s,VID_20260224_162848_00_006,443,0,shared_road,-0.362,0
typology_006_bikelane_440s,VID_20260224_162848_00_006,444,0,shared_road,-0.362,0
typology_006_bikelane_440s,VID_20260224_162848_00_006,445,0,shared_road,-0.362,0
typology_006_bikelane_440s,VID_20260224_162848_00_006,446,0,shared_road,-0.583,0
typology_006_bikelane_440s,VID_20260224_162848_00_006,447,0,shared_road,-0.117,0
typology_006_bikelane_440s,VID_20260224_162848_00_006,448,0,shared_road,0.3,0
typology_006_bikelane_440s,VID_20260224_162848_00_006,449,0,shared_road,0.4,1
typology_006_bikelane_440s,VID_20260224_162848_00_006,450,,shared_road,0.7,1
typology_006_bikelane_440s,VID_20260224_162848_00_006,451,,bike_lane,0.73,1
typology_006_bikelane_440s,VID_20260224_162848_00_006,452,1,bike_lane,0.725,1
typology_006_bikelane_440s,VID_20260224_162848_00_006,453,1,bike_lane,0.721,1
typology_006_bikelane_440s,VID_20260224_162848_00_006,454,1,bike_lane,0.55,1
typology_006_bikelane_440s,VID_20260224_162848_00_006,455,1,bike_lane,0.525,1
typology_006_bikelane_440s,VID_20260224_162848_00_006,456,1,shared_road,0.558,1
typology_006_bikelane_440s,VID_20260224_162848_00_006,457,1,shared_road,0.325,0
typology_006_bikelane_440s,VID_20260224_162848_00_006,458,,shared_road,0.317,0
typology_006_bikelane_440s,VID_20260224_162848_00_006,459,,shared_road,0.317,0
typology_006_bikelane_440s,VID_20260224_162848_00_006,460,,shared_road,0.317,0
typology_006_bikelane_440s,VID_20260224_162848_00_006,461,1,bike_lane,0.517,1
typology_006_bikelane_440s,VID_20260224_162848_00_006,462,1,bike_lane,0.543,1
typology_006_bikelane_440s,VID_20260224_162848_00_006,463,1,bike_lane,0.514,1
typology_006_bikelane_440s,VID_20260224_162848_00_006,464,1,bike_lane,0.714,1
typology_006_bikelane_440s,VID_20260224_162848_00_006,465,1,bike_lane,0.643,1
typology_006_bikelane_440s,VID_20260224_162848_00_006,466,1,bike_lane,0.643,1
typology_006_bikelane_440s,VID_20260224_162848_00_006,467,1,bike_lane,0.643,1
typology_006_bikelane_440s,VID_20260224_162848_00_006,468,1,bike_lane,0.643,1
typology_006_bikelane_440s,VID_20260224_162848_00_006,469,1,bike_lane,0.643,1
typology_006_bikelane_440s,VID_20260224_162848_00_006,470,1,bike_lane,0.643,1
typology_006_bikelane_440s,VID_20260224_162848_00_006,471,1,bike_lane,0.614,1
typology_006_bikelane_440s,VID_20260224_162848_00_006,472,1,bike_lane,0.643,1
typology_006_bikelane_440s,VID_20260224_162848_00_006,473,1,shared_road,0.614,1
typology_006_bikelane_440s,VID_20260224_162848_00_006,474,1,shared_road,0.586,1
typology_006_bikelane_440s,VID_20260224_162848_00_006,475,1,shared_road,0.471,1
typology_006_bikelane_440s,VID_20260224_162848_00_006,476,1,shared_road,0.3,0
typology_006_bikelane_440s,VID_20260224_162848_00_006,477,1,shared_road,0.233,0
typology_006_bikelane_440s,VID_20260224_162848_00_006,478,1,shared_road,0.292,0
typology_006_bikelane_440s,VID_20260224_162848_00_006,479,1,shared_road,0.325,0
typology_006_bikelane_440s,VID_20260224_162848_00_006,480,1,shared_road,0.358,1
typology_006_bikelane_440s,VID_20260224_162848_00_006,481,1,bike_lane,0.392,1
typology_006_bikelane_440s,VID_20260224_162848_00_006,482,1,bike_lane,0.525,1
typology_006_bikelane_440s,VID_20260224_162848_00_006,483,1,bike_lane,0.725,1
typology_006_bikelane_440s,VID_20260224_162848_00_006,484,1,bike_lane,0.721,1
typology_006_bikelane_440s,VID_20260224_162848_00_006,485,1,bike_lane,0.643,1
typology_006_bikelane_440s,VID_20260224_162848_00_006,486,1,bike_lane,0.643,1
typology_006_bikelane_440s,VID_20260224_162848_00_006,487,1,shared_road,0.633,1
typology_006_bikelane_440s,VID_20260224_162848_00_006,488,1,shared_road,0.62,1
typology_006_bikelane_440s,VID_20260224_162848_00_006,489,,shared_road,0.34,0
typology_006_bikelane_440s,VID_20260224_162848_00_006,490,,shared_road,0.4,1
typology_006_bikelane_440s,VID_20260224_162848_00_006,491,,shared_road,0.4,1
typology_006_bikelane_440s,VID_20260224_162848_00_006,492,1,shared_road,0.48,1
typology_006_bikelane_440s,VID_20260224_162848_00_006,493,1,shared_road,0.48,1
typology_006_bikelane_440s,VID_20260224_162848_00_006,494,1,shared_road,0.517,1
typology_006_bikelane_440s,VID_20260224_162848_00_006,495,1,bike_lane,0.543,1
typology_006_bikelane_440s,VID_20260224_162848_00_006,496,1,bike_lane,0.743,1
typology_006_bikelane_440s,VID_20260224_162848_00_006,497,1,bike_lane,0.7,1
typology_006_bikelane_440s,VID_20260224_162848_00_006,498,1,bike_lane,0.7,1
typology_006_bikelane_440s,VID_20260224_162848_00_006,499,1,bike_lane,0.7,1
typology_005_following_280s,VID_20260224_091119_00_005,280,0,shared_road,,
typology_005_following_280s,VID_20260224_091119_00_005,281,0,shared_road,,
typology_005_following_280s,VID_20260224_091119_00_005,282,0,shared_road,,
typology_005_following_280s,VID_20260224_091119_00_005,283,0,shared_road,,
typology_005_following_280s,VID_20260224_091119_00_005,284,0,shared_road,,
typology_005_following_280s,VID_20260224_091119_00_005,285,0,shared_road,,
typology_005_following_280s,VID_20260224_091119_00_005,286,0,shared_road,-0.7,0
typology_005_following_280s,VID_20260224_091119_00_005,287,0,shared_road,-0.7,0
typology_005_following_280s,VID_20260224_091119_00_005,288,0,shared_road,-0.7,0
typology_005_following_280s,VID_20260224_091119_00_005,289,0,shared_road,-0.7,0
typology_005_following_280s,VID_20260224_091119_00_005,290,0,shared_road,-0.7,0
typology_005_following_280s,VID_20260224_091119_00_005,291,0,shared_road,-0.7,0
typology_005_following_280s,VID_20260224_091119_00_005,292,0,shared_road,-0.7,0
typology_005_following_280s,VID_20260224_091119_00_005,293,0,shared_road,-0.7,0
typology_005_following_280s,VID_20260224_091119_00_005,294,0,shared_road,-0.7,0
typology_005_following_280s,VID_20260224_091119_00_005,295,0,shared_road,-0.7,0
typology_005_following_280s,VID_20260224_091119_00_005,296,0,shared_road,-0.7,0
typology_005_following_280s,VID_20260224_091119_00_005,297,0,shared_road,-0.7,0
typology_005_following_280s,VID_20260224_091119_00_005,298,0,shared_road,-0.7,0
typology_005_following_280s,VID_20260224_091119_00_005,299,0,shared_road,-0.7,0
typology_005_following_280s,VID_20260224_091119_00_005,300,0,shared_road,-0.7,0
typology_005_following_280s,VID_20260224_091119_00_005,301,0,shared_road,-0.7,0
typology_005_following_280s,VID_20260224_091119_00_005,302,0,shared_road,-0.7,0
typology_005_following_280s,VID_20260224_091119_00_005,303,0,shared_road,-0.7,0
typology_005_following_280s,VID_20260224_091119_00_005,304,0,shared_road,-0.7,0
typology_005_following_280s,VID_20260224_091119_00_005,305,0,shared_road,-0.7,0
typology_005_following_280s,VID_20260224_091119_00_005,306,0,shared_road,0.3,0
typology_005_following_280s,VID_20260224_091119_00_005,307,0,shared_road,0.3,0
typology_005_following_280s,VID_20260224_091119_00_005,308,0,shared_road,0.3,0
typology_005_following_280s,VID_20260224_091119_00_005,309,0,shared_road,0.3,0
typology_005_following_280s,VID_20260224_091119_00_005,310,0,shared_road,0.3,0
typology_005_following_280s,VID_20260224_091119_00_005,311,0,shared_road,0.3,0
typology_005_following_280s,VID_20260224_091119_00_005,312,0,shared_road,0.3,0
typology_005_following_280s,VID_20260224_091119_00_005,313,0,shared_road,0.3,0
typology_005_following_280s,VID_20260224_091119_00_005,314,0,shared_road,0.3,0
typology_005_following_280s,VID_20260224_091119_00_005,315,0,shared_road,0.3,0
typology_005_following_280s,VID_20260224_091119_00_005,316,0,shared_road,0.3,0
typology_005_following_280s,VID_20260224_091119_00_005,317,0,shared_road,0.3,0
typology_005_following_280s,VID_20260224_091119_00_005,318,0,shared_road,0.3,0
typology_005_following_280s,VID_20260224_091119_00_005,319,0,shared_road,0.3,0
typology_005_following_280s,VID_20260224_091119_00_005,320,0,shared_road,0.3,0
typology_005_following_280s,VID_20260224_091119_00_005,321,0,shared_road,0.3,0
typology_005_following_280s,VID_20260224_091119_00_005,322,0,shared_road,0.3,0
typology_005_following_280s,VID_20260224_091119_00_005,323,0,shared_road,0.3,0
typology_005_following_280s,VID_20260224_091119_00_005,324,0,shared_road,0.3,0
typology_006_parked_700s,VID_20260224_162848_00_006,700,0,shared_road,0.25,0
typology_006_parked_700s,VID_20260224_162848_00_006,701,0,shared_road,0.25,0
typology_006_parked_700s,VID_20260224_162848_00_006,702,0,shared_road,0.1,0
typology_006_parked_700s,VID_20260224_162848_00_006,703,0,shared_road,0.067,0
typology_006_parked_700s,VID_20260224_162848_00_006,704,0,shared_road,0.02,0
typology_006_parked_700s,VID_20260224_162848_00_006,705,0,shared_road,-0.21,0
typology_006_parked_700s,VID_20260224_162848_00_006,706,0,shared_road,-0.41,0
typology_006_parked_700s,VID_20260224_162848_00_006,707,0,shared_road,-0.5,0
typology_006_parked_700s,VID_20260224_162848_00_006,708,0,shared_road,-0.54,0
typology_006_parked_700s,VID_20260224_162848_00_006,709,0,shared_road,-0.55,0
typology_006_parked_700s,VID_20260224_162848_00_006,710,0,shared_road,-0.7,0
typology_006_parked_700s,VID_20260224_162848_00_006,711,0,shared_road,-0.7,0
typology_006_parked_700s,VID_20260224_162848_00_006,712,0,shared_road,-0.7,0
typology_006_parked_700s,VID_20260224_162848_00_006,713,0,shared_road,-0.7,0
typology_006_parked_700s,VID_20260224_162848_00_006,714,0,shared_road,-0.7,0
typology_006_parked_700s,VID_20260224_162848_00_006,715,0,shared_road,-0.7,0
typology_006_parked_700s,VID_20260224_162848_00_006,716,0,shared_road,-0.7,0
typology_006_parked_700s,VID_20260224_162848_00_006,717,0,shared_road,-0.7,0
typology_006_parked_700s,VID_20260224_162848_00_006,718,0,shared_road,-0.7,0
typology_006_parked_700s,VID_20260224_162848_00_006,719,0,shared_road,-0.7,0
typology_006_parked_700s,VID_20260224_162848_00_006,720,0,shared_road,-0.7,0
typology_006_parked_700s,VID_20260224_162848_00_006,721,0,shared_road,-0.7,0
typology_006_parked_700s,VID_20260224_162848_00_006,722,0,shared_road,-0.7,0
typology_006_parked_700s,VID_20260224_162848_00_006,723,0,shared_road,-0.7,0
typology_006_parked_700s,VID_20260224_162848_00_006,724,0,shared_road,-0.7,0
typology_006_parked_700s,VID_20260224_162848_00_006,725,0,shared_road,-0.7,0
typology_006_parked_700s,VID_20260224_162848_00_006,726,0,shared_road,-0.7,0
typology_006_parked_700s,VID_20260224_162848_00_006,727,0,shared_road,,
typology_006_parked_700s,VID_20260224_162848_00_006,728,0,shared_road,,
typology_006_parked_700s,VID_20260224_162848_00_006,729,0,shared_road,,
typology_006_parked_700s,VID_20260224_162848_00_006,730,0,shared_road,,
typology_006_parked_700s,VID_20260224_162848_00_006,731,0,shared_road,,
typology_006_parked_700s,VID_20260224_162848_00_006,732,0,shared_road,,
typology_006_parked_700s,VID_20260224_162848_00_006,733,0,shared_road,,
typology_006_parked_700s,VID_20260224_162848_00_006,734,0,shared_road,,
typology_006_parked_700s,VID_20260224_162848_00_006,735,0,shared_road,,
typology_006_parked_700s,VID_20260224_162848_00_006,736,0,shared_road,,
typology_006_parked_700s,VID_20260224_162848_00_006,737,0,shared_road,,
typology_006_parked_700s,VID_20260224_162848_00_006,738,0,shared_road,,
typology_006_parked_700s,VID_20260224_162848_00_006,739,0,shared_road,,
typology_006_parked_700s,VID_20260224_162848_00_006,740,0,shared_road,,
typology_006_parked_700s,VID_20260224_162848_00_006,741,0,shared_road,,
typology_006_parked_700s,VID_20260224_162848_00_006,742,0,shared_road,,
typology_006_parked_700s,VID_20260224_162848_00_006,743,0,shared_road,,
typology_006_parked_700s,VID_20260224_162848_00_006,744,0,shared_road,,
